data-dish,Название,Цена,Изображение,Адрес,Широта,Долгота
8718,2 Воппер Жюльен со скидкой629.99 ₽ Заказать,629.99 ₽,https://orderapp-app-static.burgerkingrus.ru/x256/catalog/images/dishes/7ccabb4a7268410a1066222557b3e98c.png,Разреши доступ к геолокации  Покажем актуальные меню и акции  Разрешить,,
434,Ангус с Лисичками579.99 ₽ Заказать,579.99 ₽,https://orderapp-app-static.burgerkingrus.ru/x256/catalog/images/group/8e1dc6f49e08b52993d716f59c75a4a9.png,Разреши доступ к геолокации  Покажем актуальные меню и акции  Разрешить,,
6746,Ангус с Лисичками Двойной729.99 ₽ Заказать,729.99 ₽,https://orderapp-app-static.burgerkingrus.ru/x256/catalog/images/dishes/d27134ee1b64edfc9f6f4274268cb7dd.png,Разреши доступ к геолокации  Покажем актуальные меню и акции  Разрешить,,
438,Чикен Жюльен359.99 ₽ Заказать,359.99 ₽,https://orderapp-app-static.burgerkingrus.ru/x256/catalog/images/group/5650089917f65a9b56c19af6ce68cf19.png,Разреши доступ к геолокации  Покажем актуальные меню и акции  Разрешить,,
442,Чикен Ролл Жюльен349.99 ₽ Заказать,349.99 ₽,https://orderapp-app-static.burgerkingrus.ru/x256/catalog/images/group/59e93494d7cfb8a8b7e3d0e2d4f1e8f4.png,Разреши доступ к геолокации  Покажем актуальные меню и акции  Разрешить,,
443,Шримп Ролл Жюльен429.99 ₽ Заказать,429.99 ₽,https://orderapp-app-static.burgerkingrus.ru/x256/catalog/images/group/d875fc8824e79cc1525b983bfe65516a.png,Разреши доступ к геолокации  Покажем актуальные меню и акции  Разрешить,,
436,Воппер Жюльен364.99 ₽ Заказать,364.99 ₽,https://orderapp-app-static.burgerkingrus.ru/x256/catalog/images/group/77b97bb10cc6397f32f744ac7abd87e9.png,Разреши доступ к геолокации  Покажем актуальные меню и акции  Разрешить,,
437,Двойной Воппер Жюльен509.99 ₽ Заказать,509.99 ₽,https://orderapp-app-static.burgerkingrus.ru/x256/catalog/images/group/20ea669fc1ac6d5266f17c3ea9d51c6e.png,Разреши доступ к геолокации  Покажем актуальные меню и акции  Разрешить,,
8265,Пирожок Черника159.99 ₽ Заказать,159.99 ₽,https://orderapp-app-static.burgerkingrus.ru/x256/catalog/images/dishes/26635ba693ba55b126f6e79e48fd5e08.png,Разреши доступ к геолокации  Покажем актуальные меню и акции  Разрешить,,
7802,Пунш Апельсин-Лайм99.99 ₽ Заказать,99.99 ₽,https://orderapp-app-static.burgerkingrus.ru/x256/catalog/images/dishes/95e040b8cd5bc40234100d7fb300ba8f.png,Разреши доступ к геолокации  Покажем актуальные меню и акции  Разрешить,,
416,Капучино Айриш Крим204.99 ₽ Заказать,204.99 ₽,https://orderapp-app-static.burgerkingrus.ru/x256/catalog/images/group/97e239f02569a0157fe7c88be4c01c79.png,Разреши доступ к геолокации  Покажем актуальные меню и акции  Разрешить,,
415,Латте Айриш Крим204.99 ₽ Заказать,204.99 ₽,https://orderapp-app-static.burgerkingrus.ru/x256/catalog/images/group/fbbae76bc3dfe1d9a22355dae3813d6a.png,Разреши доступ к геолокации  Покажем актуальные меню и акции  Разрешить,,
8506,L.O.L. Бокс349.99 ₽ Заказать,349.99 ₽,https://orderapp-app-static.burgerkingrus.ru/x256/catalog/images/dishes/6b1414492ab8a223a0057ba247dbdb56.png,Разреши доступ к геолокации  Покажем актуальные меню и акции  Разрешить,,
444,Роял Фри с Лисичками389.99 ₽ Заказать,389.99 ₽,https://orderapp-app-static.burgerkingrus.ru/x256/catalog/images/group/92045e25844fd4e145161ec6412db087.png,Разреши доступ к геолокации  Покажем актуальные меню и акции  Разрешить,,
8263,XXL соус Чили Чиз109.99 ₽ Заказать,109.99 ₽,https://orderapp-app-static.burgerkingrus.ru/x256/catalog/images/dishes/5c94834342bd09f92efb356c674ee7c4.png,Разреши доступ к геолокации  Покажем актуальные меню и акции  Разрешить,,
8508,Screechers Бокс349.99 ₽ Заказать,349.99 ₽,https://orderapp-app-static.burgerkingrus.ru/x256/catalog/images/dishes/e13608c793aad3af26d550919775307b.png,Разреши доступ к геолокации  Покажем актуальные меню и акции  Разрешить,,
8827,Пати Бокс х СберСпасибо Дуэт1 299.99 ₽ Заказать,1 299.99 ₽,https://orderapp-app-static.burgerkingrus.ru/x256/catalog/images/dishes/2935ec149aed6b1da2159b15ca58172a.png,Разреши доступ к геолокации  Покажем актуальные меню и акции  Разрешить,,
8826,Пати Бокс х СберСпасибо Трио1 699.99 ₽ Заказать,1 699.99 ₽,https://orderapp-app-static.burgerkingrus.ru/x256/catalog/images/dishes/0d47e5d2111f78ebeb24c8ae577cde3a.png,Разреши доступ к геолокации  Покажем актуальные меню и акции  Разрешить,,
8828,Пати Бокс х СберСпасибо Трио1 699.99 ₽ Заказать,1 699.99 ₽,https://orderapp-app-static.burgerkingrus.ru/x256/catalog/images/dishes/0d47e5d2111f78ebeb24c8ae577cde3a.png,Разреши доступ к геолокации  Покажем актуальные меню и акции  Разрешить,,
7909,Атака Титанов Бокс599.99 ₽ Заказать,599.99 ₽,https://orderapp-app-static.burgerkingrus.ru/x256/catalog/images/dishes/22361ea68e5f66a6d569889b57992daa.png,Разреши доступ к геолокации  Покажем актуальные меню и акции  Разрешить,,
4738,Огненное Воппер Комбо на двоих1 099.99 ₽ Заказать,1 099.99 ₽,https://orderapp-app-static.burgerkingrus.ru/x256/catalog/images/dishes/2b0b0d0ff35008108939e78b29cc6b8c.png,Разреши доступ к геолокации  Покажем актуальные меню и акции  Разрешить,,
3761,Перекусить комбо Малое329.99 ₽ Заказать,329.99 ₽,https://orderapp-app-static.burgerkingrus.ru/x256/catalog/images/dishes/274b7764f33695cebd14bdc814406827.png,Разреши доступ к геолокации  Покажем актуальные меню и акции  Разрешить,,
2415,Классическое комбо Малое349.99 ₽ Заказать,349.99 ₽,https://orderapp-app-static.burgerkingrus.ru/x256/catalog/images/dishes/c7df0edac67e0694ea4f31291d710a75.png,Разреши доступ к геолокации  Покажем актуальные меню и акции  Разрешить,,
2416,Поесть как следует комбо Малое499.99 ₽ Заказать,499.99 ₽,https://orderapp-app-static.burgerkingrus.ru/x256/catalog/images/dishes/41db50ccc665a371a6ded3832c680949.png,Разреши доступ к геолокации  Покажем актуальные меню и акции  Разрешить,,
3762,Перекусить комбо Стандартное339.99 ₽ Заказать,339.99 ₽,https://orderapp-app-static.burgerkingrus.ru/x256/catalog/images/dishes/bb5af99a5ab32af9b9aa731ad44c4e22.png,Разреши доступ к геолокации  Покажем актуальные меню и акции  Разрешить,,
2467,Классическое комбо Стандартное399.99 ₽ Заказать,399.99 ₽,https://orderapp-app-static.burgerkingrus.ru/x256/catalog/images/dishes/e2152d70dbc92e2097bde57febbd7ad3.png,Разреши доступ к геолокации  Покажем актуальные меню и акции  Разрешить,,
2466,Поесть как следует комбо Стандартное529.99 ₽ Заказать,529.99 ₽,https://orderapp-app-static.burgerkingrus.ru/x256/catalog/images/dishes/109c127045eb619833125efed6870622.png,Разреши доступ к геолокации  Покажем актуальные меню и акции  Разрешить,,
2795,Перекусить комбо Большое349.99 ₽ Заказать,349.99 ₽,https://orderapp-app-static.burgerkingrus.ru/x256/catalog/images/dishes/ff552d184e9ef23fa04cd66e47dad2ee.png,Разреши доступ к геолокации  Покажем актуальные меню и акции  Разрешить,,
2287,Классическое комбо Большое499.99 ₽ Заказать,499.99 ₽,https://orderapp-app-static.burgerkingrus.ru/x256/catalog/images/dishes/26d3ebd187fcb4d8f18c8a090316f402.png,Разреши доступ к геолокации  Покажем актуальные меню и акции  Разрешить,,
2329,Поесть как следует комбо Большое569.99 ₽ Заказать,569.99 ₽,https://orderapp-app-static.burgerkingrus.ru/x256/catalog/images/dishes/bea41598b19d559dc8215d388e7d7409.png,Разреши доступ к геолокации  Покажем актуальные меню и акции  Разрешить,,
8718,2 Воппер Жюльен со скидкой629.99 ₽,629.99 ₽,,Разреши доступ к геолокации  Покажем актуальные меню и акции  Разрешить,,
434,Ангус с Лисичками579.99 ₽,579.99 ₽,,Разреши доступ к геолокации  Покажем актуальные меню и акции  Разрешить,,
435,Двойной Ангус с Лисичками729.99 ₽,729.99 ₽,,Разреши доступ к геолокации  Покажем актуальные меню и акции  Разрешить,,
438,Чикен Жюльен359.99 ₽,359.99 ₽,,Разреши доступ к геолокации  Покажем актуальные меню и акции  Разрешить,,
271,Ангус Пармеджано519.99 ₽,519.99 ₽,,Разреши доступ к геолокации  Покажем актуальные меню и акции  Разрешить,,
1736,Ангус Пармеджано Двойной659.99 ₽,659.99 ₽,,Разреши доступ к геолокации  Покажем актуальные меню и акции  Разрешить,,
436,Воппер Жюльен364.99 ₽,364.99 ₽,,Разреши доступ к геолокации  Покажем актуальные меню и акции  Разрешить,,
437,Двойной Воппер Жюльен509.99 ₽,509.99 ₽,,Разреши доступ к геолокации  Покажем актуальные меню и акции  Разрешить,,
7385,"Воппер, Чизбургер, Напиток, Фри634.99 ₽",634.99 ₽,,Разреши доступ к геолокации  Покажем актуальные меню и акции  Разрешить,,
381,Воппер309.99 ₽,309.99 ₽,,Разреши доступ к геолокации  Покажем актуальные меню и акции  Разрешить,,
384,Двойной Воппер429.99 ₽,429.99 ₽,,Разреши доступ к геолокации  Покажем актуальные меню и акции  Разрешить,,
382,Воппер с сыром349.99 ₽,349.99 ₽,,Разреши доступ к геолокации  Покажем актуальные меню и акции  Разрешить,,
386,Двойной Воппер с сыром459.99 ₽,459.99 ₽,,Разреши доступ к геолокации  Покажем актуальные меню и акции  Разрешить,,
262,Воппер Джуниор189.99 ₽,189.99 ₽,,Разреши доступ к геолокации  Покажем актуальные меню и акции  Разрешить,,
7386,"Кинг Фри, Наггетсы, 2 Соуса419.99 ₽",419.99 ₽,,Разреши доступ к геолокации  Покажем актуальные меню и акции  Разрешить,,
447,Чизбургер Жюльен159.99 ₽,159.99 ₽,,Разреши доступ к геолокации  Покажем актуальные меню и акции  Разрешить,,
448,Чизбургер Жюльен Двойной269.99 ₽,269.99 ₽,,Разреши доступ к геолокации  Покажем актуальные меню и акции  Разрешить,,
200,Тройной Воппер469.99 ₽,469.99 ₽,,Разреши доступ к геолокации  Покажем актуальные меню и акции  Разрешить,,
257,Чизбургер109.99 ₽,109.99 ₽,,Разреши доступ к геолокации  Покажем актуальные меню и акции  Разрешить,,
362,Двойной Чизбургер209.99 ₽,209.99 ₽,,Разреши доступ к геолокации  Покажем актуальные меню и акции  Разрешить,,
258,Гамбургер109.99 ₽,109.99 ₽,,Разреши доступ к геолокации  Покажем актуальные меню и акции  Разрешить,,
259,Чикенбургер109.99 ₽,109.99 ₽,,Разреши доступ к геолокации  Покажем актуальные меню и акции  Разрешить,,
1532,Фиш Бургер Двойной269.99 ₽,269.99 ₽,,Разреши доступ к геолокации  Покажем актуальные меню и акции  Разрешить,,
263,Чикен Тар-Тар269.99 ₽,269.99 ₽,,Разреши доступ к геолокации  Покажем актуальные меню и акции  Разрешить,,
265,Фиш Бургер219.99 ₽,219.99 ₽,,Разреши доступ к геолокации  Покажем актуальные меню и акции  Разрешить,,
6745,Острый Ангус с Лисичками589.99 ₽,589.99 ₽,,Разреши доступ к геолокации  Покажем актуальные меню и акции  Разрешить,,
6747,Острый Ангус с Лисичками Двойной739.99 ₽,739.99 ₽,,Разреши доступ к геолокации  Покажем актуальные меню и акции  Разрешить,,
6749,Острый Воппер Жюльен374.99 ₽,374.99 ₽,,Разреши доступ к геолокации  Покажем актуальные меню и акции  Разрешить,,
6751,Острый Воппер Жюльен Двойной519.99 ₽,519.99 ₽,,Разреши доступ к геолокации  Покажем актуальные меню и акции  Разрешить,,
6753,Острый Чикен Жюльен369.99 ₽,369.99 ₽,,Разреши доступ к геолокации  Покажем актуальные меню и акции  Разрешить,,
387,Острый Воппер с сыром359.98 ₽,359.98 ₽,,Разреши доступ к геолокации  Покажем актуальные меню и акции  Разрешить,,
354,Острый Воппер319.98 ₽,319.98 ₽,,Разреши доступ к геолокации  Покажем актуальные меню и акции  Разрешить,,
1095,Острый Воппер Джуниор199.98 ₽,199.98 ₽,,Разреши доступ к геолокации  Покажем актуальные меню и акции  Разрешить,,
1737,Острый Ангус Пармеджано529.99 ₽,529.99 ₽,,Разреши доступ к геолокации  Покажем актуальные меню и акции  Разрешить,,
1738,Острый Ангус Пармеджано Двойной669.99 ₽,669.99 ₽,,Разреши доступ к геолокации  Покажем актуальные меню и акции  Разрешить,,
1092,Острый Чизбургер119.99 ₽,119.99 ₽,,Разреши доступ к геолокации  Покажем актуальные меню и акции  Разрешить,,
1097,Острый Чикен Тар-Тар279.99 ₽,279.99 ₽,,Разреши доступ к геолокации  Покажем актуальные меню и акции  Разрешить,,
1093,Острый Чикенбургер119.99 ₽,119.99 ₽,,Разреши доступ к геолокации  Покажем актуальные меню и акции  Разрешить,,
1096,Острый Гамбургер119.99 ₽,119.99 ₽,,Разреши доступ к геолокации  Покажем актуальные меню и акции  Разрешить,,
1544,Острый Фиш Бургер229.99 ₽,229.99 ₽,,Разреши доступ к геолокации  Покажем актуальные меню и акции  Разрешить,,
8258,Острый Чизбургер Жюльен Двойной279.99 ₽,279.99 ₽,,Разреши доступ к геолокации  Покажем актуальные меню и акции  Разрешить,,
8264,XXL соус Чили Чиз109.99 ₽,109.99 ₽,,Разреши доступ к геолокации  Покажем актуальные меню и акции  Разрешить,,
3880,XXL соус 4 Сыра109.99 ₽,109.99 ₽,,Разреши доступ к геолокации  Покажем актуальные меню и акции  Разрешить,,
443,Шримп Ролл Жюльен429.99 ₽,429.99 ₽,,Разреши доступ к геолокации  Покажем актуальные меню и акции  Разрешить,,
442,Чикен Ролл Жюльен349.99 ₽,349.99 ₽,,Разреши доступ к геолокации  Покажем актуальные меню и акции  Разрешить,,
270,Цезарь Ролл со стрипсами309.99 ₽,309.99 ₽,,Разреши доступ к геолокации  Покажем актуальные меню и акции  Разрешить,,
269,Шримп Ролл409.99 ₽,409.99 ₽,,Разреши доступ к геолокации  Покажем актуальные меню и акции  Разрешить,,
264,Воппер Ролл339.99 ₽,339.99 ₽,,Разреши доступ к геолокации  Покажем актуальные меню и акции  Разрешить,,
1533,Фиш Ролл239.99 ₽,239.99 ₽,,Разреши доступ к геолокации  Покажем актуальные меню и акции  Разрешить,,
8263,XXL соус Чили Чиз109.99 ₽,109.99 ₽,,Разреши доступ к геолокации  Покажем актуальные меню и акции  Разрешить,,
3880,XXL соус 4 Сыра109.99 ₽,109.99 ₽,,Разреши доступ к геолокации  Покажем актуальные меню и акции  Разрешить,,
5771,Перчатки19.99 ₽,19.99 ₽,,Разреши доступ к геолокации  Покажем актуальные меню и акции  Разрешить,,
3,Кинг Фри134.99 ₽,134.99 ₽,,Разреши доступ к геолокации  Покажем актуальные меню и акции  Разрешить,,
4,Картофель Деревенский189.99 ₽,189.99 ₽,,Разреши доступ к геолокации  Покажем актуальные меню и акции  Разрешить,,
444,Роял Фри с Лисичками389.99 ₽,389.99 ₽,,Разреши доступ к геолокации  Покажем актуальные меню и акции  Разрешить,,
5,Наггетсы194.99 ₽,194.99 ₽,,Разреши доступ к геолокации  Покажем актуальные меню и акции  Разрешить,,
10,Креветки504.99 ₽,504.99 ₽,,Разреши доступ к геолокации  Покажем актуальные меню и акции  Разрешить,,
9,Крылышки394.99 ₽,394.99 ₽,,Разреши доступ к геолокации  Покажем актуальные меню и акции  Разрешить,,
8,Сырные Медальоны159.99 ₽,159.99 ₽,,Разреши доступ к геолокации  Покажем актуальные меню и акции  Разрешить,,
7,Луковые Кольца164.99 ₽,164.99 ₽,,Разреши доступ к геолокации  Покажем актуальные меню и акции  Разрешить,,
24,Стрипсы444.99 ₽,444.99 ₽,,Разреши доступ к геолокации  Покажем актуальные меню и акции  Разрешить,,
73,Кинг Букет «Крылышки XXL»1 179.99 ₽,1 179.99 ₽,,Разреши доступ к геолокации  Покажем актуальные меню и акции  Разрешить,,
72,Кинг Букет «Креветки»929.99 ₽,929.99 ₽,,Разреши доступ к геолокации  Покажем актуальные меню и акции  Разрешить,,
70,Кинг Букет «Снек-Микс»779.99 ₽,779.99 ₽,,Разреши доступ к геолокации  Покажем актуальные меню и акции  Разрешить,,
71,Кинг Букет «Большой Микс»	749.99 ₽,749.99 ₽,,Разреши доступ к геолокации  Покажем актуальные меню и акции  Разрешить,,
74,Кинг Букет «Креветки XXL»	1 589.99 ₽,1 589.99 ₽,,Разреши доступ к геолокации  Покажем актуальные меню и акции  Разрешить,,
1254,Кинг Гоу Наггетсы209.99 ₽,209.99 ₽,,Разреши доступ к геолокации  Покажем актуальные меню и акции  Разрешить,,
1253,Кинг Гоу Деревенский219.99 ₽,219.99 ₽,,Разреши доступ к геолокации  Покажем актуальные меню и акции  Разрешить,,
160,Приправа29.99 ₽,29.99 ₽,,Разреши доступ к геолокации  Покажем актуальные меню и акции  Разрешить,,
8263,XXL соус Чили Чиз109.99 ₽,109.99 ₽,,Разреши доступ к геолокации  Покажем актуальные меню и акции  Разрешить,,
3880,XXL соус 4 Сыра109.99 ₽,109.99 ₽,,Разреши доступ к геолокации  Покажем актуальные меню и акции  Разрешить,,
1288,2 соуса со скидкой99.99 ₽,99.99 ₽,,Разреши доступ к геолокации  Покажем актуальные меню и акции  Разрешить,,
1289,3 соуса со скидкой119.99 ₽,119.99 ₽,,Разреши доступ к геолокации  Покажем актуальные меню и акции  Разрешить,,
5771,Перчатки19.99 ₽,19.99 ₽,,Разреши доступ к геолокации  Покажем актуальные меню и акции  Разрешить,,
11,Эвервесс Кола179.99 ₽,179.99 ₽,,Разреши доступ к геолокации  Покажем актуальные меню и акции  Разрешить,,
346,Эвервесс Кола без сахара179.99 ₽,179.99 ₽,,Разреши доступ к геолокации  Покажем актуальные меню и акции  Разрешить,,
360,Эвервесс Кола Вишня179.99 ₽,179.99 ₽,,Разреши доступ к геолокации  Покажем актуальные меню и акции  Разрешить,,
15,Фрустайл Апельсин179.99 ₽,179.99 ₽,,Разреши доступ к геолокации  Покажем актуальные меню и акции  Разрешить,,
16,Фрустайл Лимон Лайм179.99 ₽,179.99 ₽,,Разреши доступ к геолокации  Покажем актуальные меню и акции  Разрешить,,
345,"Вода Аква Минерале без газа 0,5л164.99 ₽",164.99 ₽,,Разреши доступ к геолокации  Покажем актуальные меню и акции  Разрешить,,
76,"Вода Аква Минерале с газом 0,5л164.99 ₽",164.99 ₽,,Разреши доступ к геолокации  Покажем актуальные меню и акции  Разрешить,,
20,Липтон179.99 ₽,179.99 ₽,,Разреши доступ к геолокации  Покажем актуальные меню и акции  Разрешить,,
19,Липтон Грин179.99 ₽,179.99 ₽,,Разреши доступ к геолокации  Покажем актуальные меню и акции  Разрешить,,
6965,"Эвервесс Кола Ваниль в бут. 0,5л164.99 ₽",164.99 ₽,,Разреши доступ к геолокации  Покажем актуальные меню и акции  Разрешить,,
1931,"Эвервесс Кола б/с в бут. 0,5л164.99 ₽",164.99 ₽,,Разреши доступ к геолокации  Покажем актуальные меню и акции  Разрешить,,
1033,"Эвервесс Кола в бутылке 0,5л164.99 ₽",164.99 ₽,,Разреши доступ к геолокации  Покажем актуальные меню и акции  Разрешить,,
315,"Липтон Лимон в бутылке 0,5л164.99 ₽",164.99 ₽,,Разреши доступ к геолокации  Покажем актуальные меню и акции  Разрешить,,
316,"Липтон Зеленый Чай в бут. 0,5л164.99 ₽",164.99 ₽,,Разреши доступ к геолокации  Покажем актуальные меню и акции  Разрешить,,
1080,"Фрустайл Лимон Лайм в бут. 0,5л164.99 ₽",164.99 ₽,,Разреши доступ к геолокации  Покажем актуальные меню и акции  Разрешить,,
1085,"Фрустайл Апельсин в бутылке 0,5л164.99 ₽",164.99 ₽,,Разреши доступ к геолокации  Покажем актуальные меню и акции  Разрешить,,
273,Flash Up129.99 ₽,129.99 ₽,,Разреши доступ к геолокации  Покажем актуальные меню и акции  Разрешить,,
54,Энергетический напиток Адреналин Раш139.99 ₽,139.99 ₽,,Разреши доступ к геолокации  Покажем актуальные меню и акции  Разрешить,,
8852,"Сок J7 Апельсин-Мандарин 0,2 л99.99 ₽",99.99 ₽,,Разреши доступ к геолокации  Покажем актуальные меню и акции  Разрешить,,
37,"Сок J7 Яблочный 0,2 л99.99 ₽",99.99 ₽,,Разреши доступ к геолокации  Покажем актуальные меню и акции  Разрешить,,
70,"Сок J7 Апельсиновый 0,2 л99.99 ₽",99.99 ₽,,Разреши доступ к геолокации  Покажем актуальные меню и акции  Разрешить,,
8807,"Пунш Апельсин-Лайм за 79,9979.99 ₽",79.99 ₽,,Разреши доступ к геолокации  Покажем актуальные меню и акции  Разрешить,,
29,Капучино164.99 ₽,164.99 ₽,,Разреши доступ к геолокации  Покажем актуальные меню и акции  Разрешить,,
28,Латте164.99 ₽,164.99 ₽,,Разреши доступ к геолокации  Покажем актуальные меню и акции  Разрешить,,
67,Кофе149.99 ₽,149.99 ₽,,Разреши доступ к геолокации  Покажем актуальные меню и акции  Разрешить,,
416,Капучино Айриш Крим204.99 ₽,204.99 ₽,,Разреши доступ к геолокации  Покажем актуальные меню и акции  Разрешить,,
415,Латте Айриш Крим204.99 ₽,204.99 ₽,,Разреши доступ к геолокации  Покажем актуальные меню и акции  Разрешить,,
25,Чай зеленый109.99 ₽,109.99 ₽,,Разреши доступ к геолокации  Покажем актуальные меню и акции  Разрешить,,
26,Чай черный109.99 ₽,109.99 ₽,,Разреши доступ к геолокации  Покажем актуальные меню и акции  Разрешить,,
49,Кофе Глясе179.99 ₽,179.99 ₽,,Разреши доступ к геолокации  Покажем актуальные меню и акции  Разрешить,,
53,Двойной Эспрессо99.99 ₽,99.99 ₽,,Разреши доступ к геолокации  Покажем актуальные меню и акции  Разрешить,,
7802,Пунш Апельсин-Лайм99.99 ₽,99.99 ₽,,Разреши доступ к геолокации  Покажем актуальные меню и акции  Разрешить,,
84,Балтика №0 Безалкогольное Грейп.199.99 ₽,199.99 ₽,,Разреши доступ к геолокации  Покажем актуальные меню и акции  Разрешить,,
83,Балтика №0 Безалкогольное Светл.199.99 ₽,199.99 ₽,,Разреши доступ к геолокации  Покажем актуальные меню и акции  Разрешить,,
298,Шейк Манго-Маракуйя199.99 ₽,199.99 ₽,,Разреши доступ к геолокации  Покажем актуальные меню и акции  Разрешить,,
347,Малиновый Шейк189.99 ₽,189.99 ₽,,Разреши доступ к геолокации  Покажем актуальные меню и акции  Разрешить,,
349,Шоколадный Шейк189.99 ₽,189.99 ₽,,Разреши доступ к геолокации  Покажем актуальные меню и акции  Разрешить,,
350,"Шейк ""Пломбир""189.99 ₽",189.99 ₽,,Разреши доступ к геолокации  Покажем актуальные меню и акции  Разрешить,,
8265,Пирожок Черника159.99 ₽,159.99 ₽,,Разреши доступ к геолокации  Покажем актуальные меню и акции  Разрешить,,
4548,Леденец49.99 ₽,49.99 ₽,,Разреши доступ к геолокации  Покажем актуальные меню и акции  Разрешить,,
339,M&M'S Айс Твист249.99 ₽,249.99 ₽,,Разреши доступ к геолокации  Покажем актуальные меню и акции  Разрешить,,
175,Пирожок с вишней149.99 ₽,149.99 ₽,,Разреши доступ к геолокации  Покажем актуальные меню и акции  Разрешить,,
296,Горячий Брауни169.99 ₽,169.99 ₽,,Разреши доступ к геолокации  Покажем актуальные меню и акции  Разрешить,,
295,Сандэй179.99 ₽,179.99 ₽,,Разреши доступ к геолокации  Покажем актуальные меню и акции  Разрешить,,
297,Рожок64.99 ₽,64.99 ₽,,Разреши доступ к геолокации  Покажем актуальные меню и акции  Разрешить,,
340,M&M’S Сандэй209.99 ₽,209.99 ₽,,Разреши доступ к геолокации  Покажем актуальные меню и акции  Разрешить,,
8263,XXL соус Чили Чиз109.99 ₽,109.99 ₽,,Разреши доступ к геолокации  Покажем актуальные меню и акции  Разрешить,,
3880,XXL соус 4 Сыра109.99 ₽,109.99 ₽,,Разреши доступ к геолокации  Покажем актуальные меню и акции  Разрешить,,
92,Соус Гриль Особый64.99 ₽,64.99 ₽,,Разреши доступ к геолокации  Покажем актуальные меню и акции  Разрешить,,
3,Соус Сырный59.99 ₽,59.99 ₽,,Разреши доступ к геолокации  Покажем актуальные меню и акции  Разрешить,,
87,Соус Пармеджано64.99 ₽,64.99 ₽,,Разреши доступ к геолокации  Покажем актуальные меню и акции  Разрешить,,
90,Соус Кисло-сладкий59.99 ₽,59.99 ₽,,Разреши доступ к геолокации  Покажем актуальные меню и акции  Разрешить,,
88,Соус Чесночный59.99 ₽,59.99 ₽,,Разреши доступ к геолокации  Покажем актуальные меню и акции  Разрешить,,
1166,Острый Томатный соус64.99 ₽,64.99 ₽,,Разреши доступ к геолокации  Покажем актуальные меню и акции  Разрешить,,
91,Соус Карри64.99 ₽,64.99 ₽,,Разреши доступ к геолокации  Покажем актуальные меню и акции  Разрешить,,
89,Соус Цезарь64.99 ₽,64.99 ₽,,Разреши доступ к геолокации  Покажем актуальные меню и акции  Разрешить,,
93,Соус Горчичный64.99 ₽,64.99 ₽,,Разреши доступ к геолокации  Покажем актуальные меню и акции  Разрешить,,
94,Соус Брусничный64.99 ₽,64.99 ₽,,Разреши доступ к геолокации  Покажем актуальные меню и акции  Разрешить,,
20,Соус Барбекю59.99 ₽,59.99 ₽,,Разреши доступ к геолокации  Покажем актуальные меню и акции  Разрешить,,
95,Соус 1000 островов64.99 ₽,64.99 ₽,,Разреши доступ к геолокации  Покажем актуальные меню и акции  Разрешить,,
18,Кетчуп59.99 ₽,59.99 ₽,,Разреши доступ к геолокации  Покажем актуальные меню и акции  Разрешить,,
1288,2 соуса со скидкой99.99 ₽,99.99 ₽,,Разреши доступ к геолокации  Покажем актуальные меню и акции  Разрешить,,
1289,3 соуса со скидкой119.99 ₽,119.99 ₽,,Разреши доступ к геолокации  Покажем актуальные меню и акции  Разрешить,,
4772,2 кисло-сладких соуса109.99 ₽,109.99 ₽,,Разреши доступ к геолокации  Покажем актуальные меню и акции  Разрешить,,
1069,Сырный и Кисло-сладкий соусы109.99 ₽,109.99 ₽,,Разреши доступ к геолокации  Покажем актуальные меню и акции  Разрешить,,
1068,2 сырных соуса109.99 ₽,109.99 ₽,,Разреши доступ к геолокации  Покажем актуальные меню и акции  Разрешить,,
5771,Перчатки19.99 ₽,19.99 ₽,,Разреши доступ к геолокации  Покажем актуальные меню и акции  Разрешить,,
3313,Сумка-Шоппер29.99 ₽,29.99 ₽,,Разреши доступ к геолокации  Покажем актуальные меню и акции  Разрешить,,
195,Влажная салфетка9.99 ₽,9.99 ₽,,Разреши доступ к геолокации  Покажем актуальные меню и акции  Разрешить,,
8506,L.O.L. Бокс349.99 ₽,349.99 ₽,,Разреши доступ к геолокации  Покажем актуальные меню и акции  Разрешить,,
8508,Screechers Бокс349.99 ₽,349.99 ₽,,Разреши доступ к геолокации  Покажем актуальные меню и акции  Разрешить,,
7736,А4 Бокс349.99 ₽,349.99 ₽,,Разреши доступ к геолокации  Покажем актуальные меню и акции  Разрешить,,
8286,Комбо с Ангусом с Лисичками769.99 ₽,769.99 ₽,,Разреши доступ к геолокации  Покажем актуальные меню и акции  Разрешить,,
8288,"Воппер Жюльен, Ангус с Лисичками769.99 ₽",769.99 ₽,,Разреши доступ к геолокации  Покажем актуальные меню и акции  Разрешить,,
8287,Комбо с Воппером Жюльен639.99 ₽,639.99 ₽,,Разреши доступ к геолокации  Покажем актуальные меню и акции  Разрешить,,
8289,2в1: Чикен + Шримп Роллы Жюльен519.99 ₽,519.99 ₽,,Разреши доступ к геолокации  Покажем актуальные меню и акции  Разрешить,,
8514,"Чизбургер Жюльен, Закуска, Соус324.99 ₽",324.99 ₽,,Разреши доступ к геолокации  Покажем актуальные меню и акции  Разрешить,,
8717,2 Воппер Жюльен со скидкой629.99 ₽,629.99 ₽,,Разреши доступ к геолокации  Покажем актуальные меню и акции  Разрешить,,
8825,Пати Бокс х СберСпасибо Дуэт1 299.99 ₽,1 299.99 ₽,,Разреши доступ к геолокации  Покажем актуальные меню и акции  Разрешить,,
8826,Пати Бокс х СберСпасибо Трио1 699.99 ₽,1 699.99 ₽,,Разреши доступ к геолокации  Покажем актуальные меню и акции  Разрешить,,
8728,"Пунш Апельсин-Лайм за 79,9979.99 ₽",79.99 ₽,,Разреши доступ к геолокации  Покажем актуальные меню и акции  Разрешить,,
8731,MM’s Айс Твист154.99 ₽,154.99 ₽,,Разреши доступ к геолокации  Покажем актуальные меню и акции  Разрешить,,
8801,Двойная Атака Титанов949.99 ₽,949.99 ₽,,Разреши доступ к геолокации  Покажем актуальные меню и акции  Разрешить,,
1710,Бесплатная вторая Кинг Фри с соусами244.99 ₽,244.99 ₽,,Разреши доступ к геолокации  Покажем актуальные меню и акции  Разрешить,,
8845,Новогодний сет549.99 ₽,549.99 ₽,,Разреши доступ к геолокации  Покажем актуальные меню и акции  Разрешить,,
8847,Комбо Новый год 1+1 на двоих1 084.99 ₽,1 084.99 ₽,,Разреши доступ к геолокации  Покажем актуальные меню и акции  Разрешить,,
8831,Кинг Фри большой + 2 соуса229.99 ₽,229.99 ₽,,Разреши доступ к геолокации  Покажем актуальные меню и акции  Разрешить,,
7909,Атака Титанов Бокс599.99 ₽,599.99 ₽,,Разреши доступ к геолокации  Покажем актуальные меню и акции  Разрешить,,
8886,Шримп Ролл Жюльен + Воппер Джуниор429.99 ₽,429.99 ₽,,Разреши доступ к геолокации  Покажем актуальные меню и акции  Разрешить,,
767,"Цезарь ролл, Фри, Соус364.99 ₽",364.99 ₽,,Разреши доступ к геолокации  Покажем актуальные меню и акции  Разрешить,,
333,"6 за 349,99349.99 ₽",349.99 ₽,,Разреши доступ к геолокации  Покажем актуальные меню и акции  Разрешить,,
8674,"Ангус, Закуска, соус Чили Чиз569.99 ₽",569.99 ₽,,Разреши доступ к геолокации  Покажем актуальные меню и акции  Разрешить,,
7338,Выгодное комбо с воппером349.99 ₽,349.99 ₽,,Разреши доступ к геолокации  Покажем актуальные меню и акции  Разрешить,,
5976,6 за 269269.99 ₽,269.99 ₽,,Разреши доступ к геолокации  Покажем актуальные меню и акции  Разрешить,,
7414,Экономное комбо с Чизбургером249.99 ₽,249.99 ₽,,Разреши доступ к геолокации  Покажем актуальные меню и акции  Разрешить,,
1171,"6 за 399,99399.99 ₽",399.99 ₽,,Разреши доступ к геолокации  Покажем актуальные меню и акции  Разрешить,,
1705,Наггетсы + Картошка + Напиток319.99 ₽,319.99 ₽,,Разреши доступ к геолокации  Покажем актуальные меню и акции  Разрешить,,
5977,6 за 299299.99 ₽,299.99 ₽,,Разреши доступ к геолокации  Покажем актуальные меню и акции  Разрешить,,
4338,"Чизбургер, Цезарь Кинг, Фри, Напиток359.99 ₽",359.99 ₽,,Разреши доступ к геолокации  Покажем актуальные меню и акции  Разрешить,,
458,2 Воппер Ролл со скидкой449.99 ₽,449.99 ₽,,Разреши доступ к геолокации  Покажем актуальные меню и акции  Разрешить,,
2959,Вторые Стрипсы бесплатно + 2 соуса349.99 ₽,349.99 ₽,,Разреши доступ к геолокации  Покажем актуальные меню и акции  Разрешить,,
6288,Ангус! Фри! Соус!614.99 ₽,614.99 ₽,,Разреши доступ к геолокации  Покажем актуальные меню и акции  Разрешить,,
5349,Комбо для 3х друзей1 224.99 ₽,1 224.99 ₽,,Разреши доступ к геолокации  Покажем актуальные меню и акции  Разрешить,,
4717,2 Ангуса по скидке829.99 ₽,829.99 ₽,,Разреши доступ к геолокации  Покажем актуальные меню и акции  Разрешить,,
6115,3 Бургера со скидкой884.99 ₽,884.99 ₽,,Разреши доступ к геолокации  Покажем актуальные меню и акции  Разрешить,,
3439,Огненное Воппер Комбо на двоих1 099.99 ₽,1 099.99 ₽,,Разреши доступ к геолокации  Покажем актуальные меню и акции  Разрешить,,
8827,Пати Бокс х СберСпасибо Дуэт1 299.99 ₽,1 299.99 ₽,,Разреши доступ к геолокации  Покажем актуальные меню и акции  Разрешить,,
8828,Пати Бокс х СберСпасибо Трио1 699.99 ₽,1 699.99 ₽,,Разреши доступ к геолокации  Покажем актуальные меню и акции  Разрешить,,
5333,Улетное комбо на двоих1 019.99 ₽,1 019.99 ₽,,Разреши доступ к геолокации  Покажем актуальные меню и акции  Разрешить,,
4555,2 Воппера + 2 Кинг Фри бесплатно719.99 ₽,719.99 ₽,,Разреши доступ к геолокации  Покажем актуальные меню и акции  Разрешить,,
8506,L.O.L. Бокс349.99 ₽,349.99 ₽,,Разреши доступ к геолокации  Покажем актуальные меню и акции  Разрешить,,
8508,Screechers Бокс349.99 ₽,349.99 ₽,,Разреши доступ к геолокации  Покажем актуальные меню и акции  Разрешить,,
7736,А4 Бокс349.99 ₽,349.99 ₽,,Разреши доступ к геолокации  Покажем актуальные меню и акции  Разрешить,,
363,"Всё по 99,9999.99 ₽",99.99 ₽,,Разреши доступ к геолокации  Покажем актуальные меню и акции  Разрешить,,
6112,3 соуса со скидкой119.99 ₽,119.99 ₽,,Разреши доступ к геолокации  Покажем актуальные меню и акции  Разрешить,,
1016,Большой кофе с большой скидкой99.99 ₽,99.99 ₽,,Разреши доступ к геолокации  Покажем актуальные меню и акции  Разрешить,,
6041,2 соуса со скидкой99.99 ₽,99.99 ₽,,Разреши доступ к геолокации  Покажем актуальные меню и акции  Разрешить,,
810,Любой кофе со скидкой49.99 ₽,49.99 ₽,,Разреши доступ к геолокации  Покажем актуальные меню и акции  Разрешить,,
8744,M&Ms Рожок со скидкой49.99 ₽,49.99 ₽,,Разреши доступ к геолокации  Покажем актуальные меню и акции  Разрешить,,